# 727作业

某公司的mis数据库中有部⻔表（dept）和员工表（employee）表结构及其数据如下：

表1：dept表结构

```mysql
# 创建数据库
create database mis;
# 打开数据库
use mis;
# 创建表建构
create table dept(
	dept_id int primary key auto_increment comment '部门编号',
    dept_name varchar(20) NOT NULL comment '部门名称'
);
```

dept表数据：

```mysql
insert into dept(dept_name) values ('开发部门'),('测试部门');

mysql> select * from dept;
+---------+-----------+
| dept_id | dept_name |
+---------+-----------+
|       1 | 开发部门  |
|       2 | 测试部门  |
+---------+-----------+
2 rows in set (0.04 sec)
```

表2：employee表结构

```mysql
create table employee(
	emp_id int primary key auto_increment comment '员工编号',
    emp_name varchar(20) comment '员工姓名',
    birthday date comment '出生日期',
    gender varchar(10) comment '员工性别',
    salary double comment '员工工资',
    dept_id int comment '部门编号'
);

mysql> desc employee;
+----------+-------------+------+-----+---------+----------------+
| Field    | Type        | Null | Key | Default | Extra          |
+----------+-------------+------+-----+---------+----------------+
| emp_id   | int         | NO   | PRI | NULL    | auto_increment |
| emp_name | varchar(20) | YES  |     | NULL    |                |
| birthday | date        | YES  |     | NULL    |                |
| gender   | varchar(10) | YES  |     | NULL    |                |
| salary   | double      | YES  |     | NULL    |                |
| dept_id  | int         | YES  |     | NULL    |                |
+----------+-------------+------+-----+---------+----------------+
6 rows in set (0.06 sec)
```

employee表数据：

```mysql
insert into employee(emp_name,birthday,gender,salary,dept_id) values ('林冲','1981-10-10','男',2800,1),('宋江','1992-6-21','男',3100,2),('扈三娘','1984-3-8','女',3000,1),('孙二娘','1985-6-7','女',2950,2);

mysql> select * from employee;
+--------+----------+------------+--------+--------+---------+
| emp_id | emp_name | birthday   | gender | salary | dept_id |
+--------+----------+------------+--------+--------+---------+
|      1 | 林冲     | 1981-10-10 | 男     |   2800 |       1 |
|      2 | 宋江     | 1992-06-21 | 男     |   3100 |       2 |
|      3 | 扈三娘   | 1984-03-08 | 女     |   3000 |       1 |
|      4 | 孙二娘   | 1985-06-07 | 女     |   2950 |       2 |
+--------+----------+------------+--------+--------+---------+
4 rows in set (0.04 sec)
```

#### 任务

任务2：添加约束 :dept表的 dept_name 列的值是唯一的 ;employee表的dept_id 列引用dept表的 dept_id 列 ,给employee表的gender字段添加默认约束，默认为'男'

```mysql
alter table dept add constraint unique(dept_name);

alter table employee add constraint fk_dept_id foreign key(dept_id) references dept(dept_id) on delete cascade;

alter table employee change column gender gender varchar(10) default '男';
```



-- 任务3：根据表2和表4，向dept表和employee表中添加测试数据

-- 任务4：查询工资大于2900元的员工信息

```mysql
select * from employee where salary>2900;

+--------+----------+------------+--------+--------+---------+
| emp_id | emp_name | birthday   | gender | salary | dept_id |
+--------+----------+------------+--------+--------+---------+
|      2 | 宋江     | 1992-06-21 | 男     |   3100 |       2 |
|      3 | 扈三娘   | 1984-03-08 | 女     |   3000 |       1 |
|      4 | 孙二娘   | 1985-06-07 | 女     |   2950 |       2 |
+--------+----------+------------+--------+--------+---------+
3 rows in set (0.04 sec)
```



-- 任务5：将孙二娘的出生日期更改为1985-6-8

```mysql
update employee set birthday = '1985-6-8' where emp_name='孙二娘';
```



-- 任务6：删除员工扈三娘

```mysql
delete from employee where emp_name = '扈三娘';
```



-- 任务7：查找工资最低的两个员工

```mysql
select * from employee order by salary desc limit 2;

+--------+----------+------------+--------+--------+---------+
| emp_id | emp_name | birthday   | gender | salary | dept_id |
+--------+----------+------------+--------+--------+---------+
|      2 | 宋江     | 1992-06-21 | 男     |   3100 |       2 |
|      4 | 孙二娘   | 1985-06-08 | 女     |   2950 |       2 |
+--------+----------+------------+--------+--------+---------+
2 rows in set (0.00 sec)
```



-- 任务8：按照工资降序排序员工信息

```mysql 
select * from employee order by salary desc;
+--------+----------+------------+--------+--------+---------+
| emp_id | emp_name | birthday   | gender | salary | dept_id |
+--------+----------+------------+--------+--------+---------+
|      2 | 宋江     | 1992-06-21 | 男     |   3100 |       2 |
|      4 | 孙二娘   | 1985-06-08 | 女     |   2950 |       2 |
|      1 | 林冲     | 1981-10-10 | 男     |   2800 |       1 |
+--------+----------+------------+--------+--------+---------+
3 rows in set (0.00 sec)
```



-- 任务9：删除测试部门及其员工

```mysql
mysql> delete from dept where dept_name = '测试部门';
Query OK, 1 row affected (0.07 sec)

mysql> select * from dept;
+---------+-----------+
| dept_id | dept_name |
+---------+-----------+
|       1 | 开发部门  |
+---------+-----------+
1 row in set (0.00 sec)

mysql> select * from employee;
+--------+----------+------------+--------+--------+---------+
| emp_id | emp_name | birthday   | gender | salary | dept_id |
+--------+----------+------------+--------+--------+---------+
|      1 | 林冲     | 1981-10-10 | 男     |   2800 |       1 |
+--------+----------+------------+--------+--------+---------+
1 row in set (0.00 sec)
```



-- 任务10: 统计男员工和女员工的人数

```mysql
select gender,count(*) as 总数 from employee group by gender;
+--------+------+
| gender | 总数 |
+--------+------+
| 男     |    1 |
+--------+------+
1 row in set (0.00 sec)
```



-- 任务11： 计算最高工资和最低工资的差额

```mysql
select max(salary)-min(salary) from employee;
+-------------------------+
| max(salary)-min(salary) |
+-------------------------+
|                       0 |
+-------------------------+
1 row in set (0.30 sec)
```



-- 拓展任务：统计部门平均工资，及部门名称

```mysql
select dept_name,avg(salary) from dept,employee group by dept_name;
+-----------+-------------+
| dept_name | avg(salary) |
+-----------+-------------+
| 开发部门  |        2800 |
+-----------+-------------+
1 row in set (0.01 sec)
```



-- 拓展任务：查询员工信息，显示员工姓名，部门名称，薪水

```mysql
select employee.emp_name, employee.salary,dept.dept_name from dept,employee;
+----------+--------+-----------+
| emp_name | salary | dept_name |
+----------+--------+-----------+
| 林冲     |   2800 | 开发部门  |
+----------+--------+-----------+
1 row in set (0.00 sec)
```

























